asset,feature,coef
asset,momentum,0.00036731376993661145
asset,volatility,-0.001618200492744944
asset,rsi,3.4769108819499768e-06
