Sharpe,Calmar,Sortino,Stability,TurnoverAvg
-0.6639357703510369,-0.08087379056553867,-1.3665002687043346,261.26767515804505,0.030619937935569445
